Month,Shipments,On_Time_Rate,Avg_Delay
2025-01,383,58.22454308093995,1.0600522193211488
2025-02,461,49.67462039045553,1.6594360086767896
2025-03,511,46.37964774951076,1.7729941291585127
2025-04,467,43.897216274089935,2.0342612419700212
2025-05,461,44.03470715835141,1.7874186550976139
2025-06,470,48.723404255319146,1.4872340425531916
2025-07,549,51.73041894353369,1.3697632058287796
2025-08,561,49.19786096256685,1.4688057040998217
2025-09,435,49.42528735632184,1.6344827586206896
2025-10,489,50.306748466257666,1.3967280163599183
2025-11,472,49.57627118644068,1.5805084745762712
2025-12,470,50.42553191489362,1.4936170212765958
2026-01,137,35.76642335766424,2.5547445255474455
