Route,Shipments,On_Time_Rate,Avg_Delay,Avg_Delay_Among_Late,Avg_Delivery_Days
North-West,264,42.42424242424242,1.856060606060606,3.6907894736842106,7.174242424242424
West-East,276,46.3768115942029,1.6485507246376812,3.675675675675676,7.119565217391305
West-South,274,47.08029197080292,1.6605839416058394,3.717241379310345,6.821167883211679
Central-North,299,47.15719063545151,1.8327759197324414,3.9367088607594938,7.34113712374582
Central-West,305,47.21311475409836,1.7114754098360656,3.7577639751552794,7.213114754098361
East-South,294,47.27891156462585,1.629251700680272,3.6193548387096772,6.914965986394558
South-West,293,47.44027303754266,1.6313993174061434,3.707792207792208,7.0580204778157
East-Central,295,47.79661016949153,1.6779661016949152,3.824675324675325,7.257627118644068
East-West,294,47.95918367346938,1.3435374149659864,3.176470588235294,6.591836734693878
North-Central,303,48.51485148514851,1.6237623762376239,3.7628205128205128,7.1716171617161715
North-South,281,49.11032028469751,1.612099644128114,3.6573426573426575,6.932384341637011
Central-South,289,49.13494809688581,1.6159169550173011,3.836734693877551,6.961937716262976
South-North,307,49.8371335504886,1.5472312703583062,3.720779220779221,6.980456026058632
West-North,298,50.0,1.570469798657718,3.61744966442953,6.902684563758389
South-East,312,50.0,1.6153846153846154,3.8846153846153846,6.9743589743589745
South-Central,294,50.34013605442177,1.3639455782312926,3.356164383561644,6.744897959183674
North-East,292,51.02739726027398,1.5513698630136987,3.734265734265734,7.030821917808219
Central-East,270,51.11111111111111,1.4037037037037037,3.4015151515151514,6.807407407407408
East-North,299,52.17391304347826,1.434782608695652,3.7412587412587412,6.7959866220735785
West-Central,311,54.019292604501615,1.4662379421221865,3.734265734265734,7.022508038585209
